group,label,value,profile,jitter,peak_tip_force_N_per_m,peak_root_force_N_per_m,peak_attachment_force_N_per_m,peak_tension_N_per_m,max_panel_curvature_ratio,time_of_peak_s,KE_at_deploy_end_J_per_m,final_tip_force_N_per_m,energy_balance_error,nodes_per_panel,dt_s,wall_time_s,diverged
Deployment time,7.5,7.5,smooth,0.97,812.7962468677565,859.2929312912734,859.2929312912734,857.9079509088272,8.093523357517757,6.8051387743829554,12.261861145582914,480.66817139754477,4.623008871375639e-7,20,7.902233527548187e-6,33.764251947402954,false
Deployment time,7.5,7.5,smooth,1.0,925.3089564553172,838.0622866824682,925.3089564553172,922.2830840397426,6.801799836256992,7.16539369867035,4.128621761474515,196.08025695774344,4.1560605076542526e-7,20,7.902233527548187e-6,37.9617600440979,false
Deployment time,7.5,7.5,smooth,1.03,868.7819377592018,852.0070530682,868.7819377592018,868.1597453261539,6.708771204144542,7.501333450393478,14.62057502554836,452.27625063937086,3.468183619429138e-7,20,7.902233527548187e-6,32.39640212059021,false
Deployment time,7.5,7.5,trapezoid,0.97,629.3872930865085,590.91528955581,629.3872930865085,626.9630547067665,5.830455266315263,6.9248260033912,6.969623481410976,243.79382219381577,5.784280358545688e-7,20,7.902233527548187e-6,33.42563009262085,false
Deployment time,7.5,7.5,trapezoid,1.0,628.2216172332108,563.7927927459579,628.2216172332108,623.7037397870048,5.585268349801516,7.151754443601801,7.2059246048688195,276.39324341593823,5.622925084379512e-7,20,7.902233527548187e-6,34.925567865371704,false
Deployment time,7.5,7.5,trapezoid,1.03,752.5101398005091,661.6577400234974,752.5101398005091,750.491820552927,5.540903511822601,7.567933474563654,6.467192707251669,367.91384870941357,3.9309602639927696e-7,20,7.902233527548187e-6,32.40419101715088,false
Deployment time,7.5,7.5,constant_then_stop,0.97,880.0240227534184,712.3956584052518,880.0240227534184,877.4914437056584,5.6463235495529025,7.340372855670848,10.423597315619435,141.15851925121257,2.3417152863933496e-5,20,7.902233527548187e-6,32.86258101463318,false
Deployment time,7.5,7.5,constant_then_stop,1.0,883.9595180033753,814.524074935394,883.9595180033753,881.4996263596429,5.508907185942418,7.562860240638969,10.793198728935705,252.5917641518707,7.77932193944011e-6,20,7.902233527548187e-6,34.52741098403931,false
Deployment time,7.5,7.5,constant_then_stop,1.03,1016.1365271777413,831.6956130666683,1016.1365271777413,1012.4608475884644,5.288614631732634,7.751850057683811,10.613102832583106,304.66657833210246,3.515516765619142e-5,20,7.902233527548187e-6,36.406550884246826,false
Deployment time,15,15.0,smooth,0.97,533.2357917166755,503.88915066783727,533.2357917166755,532.7272855110575,3.3108941045961915,13.927287514792166,3.5172541253821663,365.0942812378425,1.3232310220027092e-7,20,7.902233527548187e-6,46.11090803146362,false
Deployment time,15,15.0,smooth,1.0,470.1667028759328,465.35335616997395,470.1667028759328,469.7881987317505,3.291813687814922,15.301525436400436,4.374112686281849,323.57720722266833,1.2692113017037202e-7,20,7.902233527548187e-6,45.26940679550171,false
Deployment time,15,15.0,smooth,1.03,424.38641300391777,433.2403800375712,433.2403800375712,433.1002234115562,3.185183492280984,15.496244372752749,3.619223471319509,162.0953525383846,1.1661676700598898e-7,20,7.902233527548187e-6,84.40859413146973,false
Deployment time,15,15.0,trapezoid,0.97,491.7807191153661,500.48405679987525,500.48405679987525,499.69189127846596,2.867538421292909,14.672523452074653,5.125979219853897,269.8951949544255,1.7767148721269066e-7,20,7.902233527548187e-6,51.135947942733765,false
Deployment time,15,15.0,trapezoid,1.0,554.8465747645338,473.3417350261817,554.8465747645338,553.4959274944605,3.0637892227914567,14.710130181432255,4.758446569931673,272.46315178589225,1.737958120463782e-7,20,7.902233527548187e-6,56.78987383842468,false
Deployment time,15,15.0,trapezoid,1.03,472.43055056579607,480.3551613362927,480.3551613362927,479.62827151301644,2.8762720724077675,15.389184912921529,2.8393954287396905,243.32338658877347,1.5723532367732153e-7,20,7.902233527548187e-6,91.44487595558167,false
Deployment time,15,15.0,constant_then_stop,0.97,514.7595796707051,594.3507290425837,594.3507290425837,593.2061009536842,2.4544627158537375,14.730517943933332,5.284181226491399,113.06446914209855,2.4020458020440758e-5,20,7.902233527548187e-6,54.58168697357178,false
Deployment time,15,15.0,constant_then_stop,1.0,601.9482988022406,559.4001534685211,601.9482988022406,600.8884899022731,2.869910848755428,15.200716643289503,3.6788974304919386,366.09384719311697,3.4983663545107356e-5,20,7.902233527548187e-6,46.734559059143066,false
Deployment time,15,15.0,constant_then_stop,1.03,483.09247167930613,519.1351831080225,519.1351831080225,518.4933745956514,2.88566036173221,15.643865997280876,4.342940794497702,268.90787362324784,3.995112740495183e-5,20,7.902233527548187e-6,57.13835096359253,false
Deployment time,30,30.0,smooth,0.97,437.8872109339445,435.05635635361836,437.8872109339445,437.7318052953423,3.302500318168952,29.01127633024786,4.510653499521229,85.84266745491395,9.861520772441841e-8,20,7.902233527548187e-6,82.18380999565125,false
Deployment time,30,30.0,smooth,1.0,443.41171406438303,408.1205334428088,443.41171406438303,443.1659903149004,3.297519529072378,28.74354865833453,3.360196648497399,297.5042776472886,7.486763513328765e-8,20,7.902233527548187e-6,114.1510751247406,false
Deployment time,30,30.0,smooth,1.03,414.1260104260718,409.2698441756976,414.1260104260718,414.042190319113,3.2924618537479247,31.369294912634714,1.7387906483791384,179.91970599719622,5.12520282146334e-8,20,7.902233527548187e-6,39.371317863464355,false
Deployment time,30,30.0,trapezoid,0.97,256.07042509859,263.4663859832185,263.4663859832185,263.26207002504214,3.321536568681254,29.39827241279248,0.7216139823138645,172.4895566857198,8.044353283875841e-8,20,7.902233527548187e-6,73.02401494979858,false
Deployment time,30,30.0,trapezoid,1.0,203.50471932390198,201.34585093492788,203.50471932390198,203.42454827869787,3.3268886634286985,30.130366935718655,0.6416703957871605,110.81997997664777,4.2347562860608446e-8,20,7.902233527548187e-6,160.95921087265015,false
Deployment time,30,30.0,trapezoid,1.03,140.41477572916958,149.861533254572,149.861533254572,149.8299268391472,3.3301125716762208,30.83287549631769,0.6088728007503114,63.95119754140964,2.2931483622546975e-8,20,7.902233527548187e-6,36.99537706375122,false
Deployment time,30,30.0,constant_then_stop,0.97,237.28997311096566,259.6436470076476,259.6436470076476,259.445223516326,3.22131728916195,29.408039573432532,0.9560148978621381,220.36753669285716,1.907158531767268e-5,20,7.902233527548187e-6,86.84719395637512,false
Deployment time,30,30.0,constant_then_stop,1.0,260.4829445755306,251.12080653350554,260.4829445755306,260.36504871245694,3.251042311764614,30.478586758343596,1.536082369773704,127.090416417587,1.111582775894431e-6,20,7.902233527548187e-6,127.72452092170715,false
Deployment time,30,30.0,constant_then_stop,1.03,238.8842660673452,238.0338049662365,238.8842660673452,238.7520188127631,3.2782135037419327,31.025610972054587,1.3474365910851993,151.79427087775775,8.919949781513808e-6,20,7.902233527548187e-6,38.614245891571045,false
Deployment time,60,60.0,smooth,0.97,175.3483304268155,174.10820020862235,175.3483304268155,175.3369911670181,3.2120129168471503,59.893370902810254,0.5206761159737391,78.9196731876602,1.2894431630626992e-8,20,7.902233527548187e-6,66.80983996391296,false
Deployment time,60,60.0,smooth,1.0,142.89659520160492,142.4231458534879,142.89659520160492,142.87737695307598,3.2101630877577025,61.45418846023746,0.37510265049228003,77.69224570555453,1.1416908576580228e-8,20,7.902233527548187e-6,1918.1830410957336,false
Deployment time,60,60.0,smooth,1.03,125.49574641689661,123.08114790732708,125.49574641689661,125.48602318545873,3.208500354130491,62.0466900278995,0.32234281245653,92.61525825535453,1.3090350511059268e-8,20,7.902233527548187e-6,333.14939403533936,false
Deployment time,60,60.0,trapezoid,0.97,125.12944196091775,124.57411495125538,125.12944196091775,125.08846264652942,3.2678998565416526,57.98374085524354,0.30302839773399176,101.51445801719571,2.201865672660754e-8,20,7.902233527548187e-6,64.1055600643158,false
Deployment time,60,60.0,trapezoid,1.0,78.99918529566433,82.90782622606335,82.90782622606335,82.89398286353,3.2644103220850593,59.83778659217748,0.18944737058911496,63.22328152777933,1.835757196444211e-8,20,7.902233527548187e-6,87.04648995399475,false
Deployment time,60,60.0,trapezoid,1.03,134.06855681759603,134.4211352956056,134.4211352956056,134.40664698100932,3.26109385740991,62.07543835347272,0.4252668198018923,67.0675742011125,1.4085436687482576e-8,20,7.902233527548187e-6,584.0862281322479,false
Deployment time,60,60.0,constant_then_stop,0.97,246.33424686160112,256.2661026154469,256.2661026154469,256.20253792025215,3.3119985529251927,59.938777136659546,1.0863057136629952,95.59860828811297,1.7103957252932312e-5,20,7.902233527548187e-6,65.83228802680969,false
Deployment time,60,60.0,constant_then_stop,1.0,106.510348464956,105.934413010494,106.510348464956,106.4737572827828,3.3065259115434613,61.563531665558145,0.3177933146664259,78.68622823553491,2.7370397181285433e-6,20,7.902233527548187e-6,86.79362416267395,false
Deployment time,60,60.0,constant_then_stop,1.03,242.43428348952816,232.64852999188253,242.43428348952816,242.3783749498724,3.3011586555988717,62.31469427798629,1.130314778532872,183.48537426183108,1.0258978113286751e-5,20,7.902233527548187e-6,580.4380040168762,false
Deployment time,120,120.0,smooth,0.97,139.25586999634717,139.84994350900797,139.84994350900797,139.83990083688425,3.1920974706630934,115.65442289066134,0.16379219102758036,42.803784277509,1.2169418487074983e-8,20,7.902233527548187e-6,488.2443630695343,false
Deployment time,120,120.0,smooth,1.0,93.48909846044597,93.34215372383123,93.48909846044597,93.48491659976682,3.1918242594294757,119.20760688068869,0.20655737493436974,89.46114704037414,1.7696152849559594e-8,20,7.902233527548187e-6,517.4595611095428,false
Deployment time,120,120.0,smooth,1.03,68.78914975908485,69.51549154384738,69.51549154384738,69.51291655649841,3.1915811352832066,126.13178886676576,0.10065764574069401,26.3245038840862,1.965801010103197e-8,20,7.902233527548187e-6,538.2017588615417,false
Deployment time,120,120.0,trapezoid,0.97,73.63288329775152,72.25453457605748,73.63288329775152,73.62922072888598,3.2126724388987347,117.66252267021483,0.11124923474822915,19.415217773512865,2.046044410652695e-8,20,7.902233527548187e-6,255.94106817245483,false
Deployment time,120,120.0,trapezoid,1.0,99.92414351713407,101.40621402300211,101.40621402300211,101.39975869957047,3.2113426183998683,119.84833577956935,0.26560814889974493,51.90308067713671,1.9030764075181908e-8,20,7.902233527548187e-6,441.7396740913391,false
Deployment time,120,120.0,trapezoid,1.03,102.10790579895318,103.40718931097344,103.40718931097344,103.398346809109,3.2101190116500904,123.35279459766583,0.26555552019583745,26.394616284423936,1.8855786468218523e-8,20,7.902233527548187e-6,465.05168104171753,false
Deployment time,120,120.0,constant_then_stop,0.97,95.53353993947395,94.67304123533357,95.53353993947395,95.52226876202765,3.2164347921847,116.88576472339096,0.09308818866953306,63.4435664862455,1.658622067838905e-5,20,7.902233527548187e-6,266.5691111087799,false
Deployment time,120,120.0,constant_then_stop,1.0,109.27128907227893,109.57611034526859,109.57611034526859,109.57470627948874,3.2143262882181087,120.79232869453674,0.1869784873293606,44.4451610745298,3.755515730724435e-6,20,7.902233527548187e-6,430.930624961853,false
Deployment time,120,120.0,constant_then_stop,1.03,74.61512841587502,74.38726332567583,74.61512841587502,74.61082916780165,3.212420279594126,125.21630721036578,0.10491038778115855,59.062032953127755,1.475796761575766e-5,20,7.902233527548187e-6,468.5891578197479,false
Panel count (4 m total),4,4.0,smooth,0.97,377.9524867255332,352.32433897132114,377.9524867255332,377.65598895459505,2.01775356929926,27.930731302357703,3.213510716169534,214.54988418226205,5.784690124076339e-8,40,7.702022997541961e-6,85.24039721488953,false
Panel count (4 m total),4,4.0,smooth,1.0,279.87469268855716,278.39847951553577,279.87469268855716,279.8409663489057,2.444814679397994,29.55487999791837,2.0278440257711274,244.91733434303964,2.9959096345244205e-8,40,7.702022997541961e-6,84.75445699691772,false
Panel count (4 m total),4,4.0,smooth,1.03,295.51561986643884,290.49815030415715,295.51561986643884,295.42825696687004,2.545502591065829,31.283460423302706,1.6993164643829781,102.74570694582887,4.5803651068917184e-8,40,7.702022997541961e-6,39.659570932388306,false
Panel count (4 m total),4,4.0,constant_then_stop,0.97,339.28237676552027,317.0149503668573,339.28237676552027,339.1700924758016,1.9028758556126926,29.729715919962572,2.8949764932127415,120.8215169426729,9.166471530727043e-6,40,7.702022997541961e-6,380.96179389953613,false
Panel count (4 m total),4,4.0,constant_then_stop,1.0,352.0864786545244,353.0302799053066,353.0302799053066,352.9602180235021,1.9132724910169014,31.18519801390007,2.920758824759847,87.23850673489261,5.203954226257727e-6,40,7.702022997541961e-6,159.6362590789795,false
Panel count (4 m total),4,4.0,constant_then_stop,1.03,257.7907314672623,254.28600606052797,257.7907314672623,257.7050016802349,1.9236043243915546,32.45328218628437,1.3073680264384622,144.3750420391817,3.8540138997179225e-5,40,7.702022997541961e-6,43.6641640663147,false
Panel count (4 m total),6,6.0,smooth,0.97,356.50679636877004,342.9155978157073,356.50679636877004,356.3957899901185,2.6459722181806518,29.727449024480066,3.499300509694541,254.97436171147322,6.5563572000329e-8,27,7.676747616452663e-6,79.70425605773926,false
Panel count (4 m total),6,6.0,smooth,1.0,344.8435071380715,357.6907680395082,357.6907680395082,357.5905947081741,2.645753736628027,30.994711167508832,1.730667301971292,153.93111555214634,5.227432523143878e-8,27,7.676747616452663e-6,339.6529939174652,false
Panel count (4 m total),6,6.0,smooth,1.03,349.7012305842298,331.5229395688298,349.7012305842298,349.5363434300189,2.6453814766041335,30.854042444184955,2.4479541675439895,253.99660271511425,7.754165740613212e-8,27,7.676747616452663e-6,39.631407022476196,false
Panel count (4 m total),6,6.0,constant_then_stop,0.97,227.6791132493535,229.16854912967474,229.16854912967474,228.79806768764018,2.684501230086926,29.111643360931076,0.6184645499516036,159.79207768229693,2.7301385361544465e-5,27,7.676747616452663e-6,76.29263806343079,false
Panel count (4 m total),6,6.0,constant_then_stop,1.0,268.9811024520571,254.48622970553768,268.9811024520571,268.8506302921832,2.677914485318682,30.26984195057291,0.5162410857195343,52.4477748632215,6.746571523924225e-6,27,7.676747616452663e-6,263.18567395210266,false
Panel count (4 m total),6,6.0,constant_then_stop,1.03,284.5235601982501,269.2646790689441,284.5235601982501,284.42574624670226,2.673218383993845,32.35613629680102,1.7381074897616087,149.14047267659888,5.876161659157768e-6,27,7.676747616452663e-6,39.99932885169983,false
Panel count (4 m total),8,8.0,smooth,0.97,437.8872109339445,435.05635635361836,437.8872109339445,437.7318052953423,3.302500318168952,29.01127633024786,4.510653499521229,85.84266745491395,9.861520772441841e-8,20,7.902233527548187e-6,82.18380999565125,false
Panel count (4 m total),8,8.0,smooth,1.0,443.41171406438303,408.1205334428088,443.41171406438303,443.1659903149004,3.297519529072378,28.74354865833453,3.360196648497399,297.5042776472886,7.486763513328765e-8,20,7.902233527548187e-6,114.1510751247406,false
Panel count (4 m total),8,8.0,smooth,1.03,414.1260104260718,409.2698441756976,414.1260104260718,414.042190319113,3.2924618537479247,31.369294912634714,1.7387906483791384,179.91970599719622,5.12520282146334e-8,20,7.902233527548187e-6,39.371317863464355,false
Panel count (4 m total),8,8.0,constant_then_stop,0.97,237.28997311096566,259.6436470076476,259.6436470076476,259.445223516326,3.22131728916195,29.408039573432532,0.9560148978621381,220.36753669285716,1.907158531767268e-5,20,7.902233527548187e-6,86.84719395637512,false
Panel count (4 m total),8,8.0,constant_then_stop,1.0,260.4829445755306,251.12080653350554,260.4829445755306,260.36504871245694,3.251042311764614,30.478586758343596,1.536082369773704,127.090416417587,1.111582775894431e-6,20,7.902233527548187e-6,127.72452092170715,false
Panel count (4 m total),8,8.0,constant_then_stop,1.03,238.8842660673452,238.0338049662365,238.8842660673452,238.7520188127631,3.2782135037419327,31.025610972054587,1.3474365910851993,151.79427087775775,8.919949781513808e-6,20,7.902233527548187e-6,38.614245891571045,false
Panel count (4 m total),12,12.0,smooth,0.97,170.0937690399681,165.63099650046698,170.0937690399681,170.00297603909382,2.8484511778484873,28.57542708400068,0.7029031881790818,79.89198210607543,4.173054719417551e-8,13,8.31844693969614e-6,149.133859872818,false
Panel count (4 m total),12,12.0,smooth,1.0,182.75915970731631,165.46620734427094,182.75915970731631,182.65798274107357,2.8475163029092583,29.45113494868331,0.5339104139377244,85.44308961650425,3.619793338465403e-8,13,8.31844693969614e-6,83.75501799583435,false
Panel count (4 m total),12,12.0,smooth,1.03,177.9106974012762,180.98792024351303,180.98792024351303,180.89969261590636,2.84665886124645,30.476325304872283,0.571783105877898,106.8087747279962,4.743884884734457e-8,13,8.31844693969614e-6,119.09219908714294,false
Panel count (4 m total),12,12.0,constant_then_stop,0.97,178.31363410825588,193.33462357165155,193.33462357165155,193.19209423255103,2.872375562207288,29.330900116616945,0.6747586585353611,83.53754056469342,1.3099513177919646e-5,13,8.31844693969614e-6,140.21039605140686,false
Panel count (4 m total),12,12.0,constant_then_stop,1.0,181.51948671894334,190.31549313227734,190.31549313227734,190.17802077990157,2.872204075328329,30.180463102568112,0.5775643649057856,91.83405700429022,2.303579557852071e-5,13,8.31844693969614e-6,74.73656582832336,false
Panel count (4 m total),12,12.0,constant_then_stop,1.03,181.79402132024865,171.77340107184395,181.79402132024865,181.66302886039193,2.871886914978318,31.11864250376786,0.7442685037930192,51.298285293855095,3.6985455020679134e-5,13,8.31844693969614e-6,86.10610795021057,false
Panel count (4 m total),16,16.0,smooth,0.97,240.18605846852074,245.07998848145112,245.07998848145112,245.036582231457,3.522746949800149,29.922152261919933,1.4369205877742406,157.0672634102166,4.200860739935687e-8,10,7.943246718176959e-6,268.312695980072,false
Panel count (4 m total),16,16.0,smooth,1.0,257.70659454501117,266.5933611229034,266.5933611229034,266.5066506843905,3.522719900082836,29.837969733200694,1.6061355817402916,172.5485220431024,3.952477421721229e-8,10,7.943246718176959e-6,157.9764847755432,false
Panel count (4 m total),16,16.0,smooth,1.03,272.26607634753367,266.2910323722996,272.26607634753367,272.23035879228763,3.5226962433137223,32.025079171076975,1.0098737717565978,242.35440556531856,3.208209734507199e-8,10,7.943246718176959e-6,64.97638297080994,false
Panel count (4 m total),16,16.0,constant_then_stop,0.97,316.3891227203237,270.7945185199234,316.3891227203237,316.0451859188629,3.5259855180754505,29.246880971914273,0.88827034560623,75.18575519771296,2.250441667607693e-5,10,7.943246718176959e-6,171.9535460472107,false
Panel count (4 m total),16,16.0,constant_then_stop,1.0,223.20689947392515,238.31754466162388,238.31754466162388,238.11303304882532,3.525726046813158,30.645805867686008,0.9743945646427226,154.47672525495017,6.924855363591829e-7,10,7.943246718176959e-6,153.74674105644226,false
Panel count (4 m total),16,16.0,constant_then_stop,1.03,298.12822624847604,317.42750257679853,317.42750257679853,316.8808203657685,3.5802310878204695,31.080492101091522,1.4929308591176254,118.43095763927295,1.3781872140046965e-5,10,7.943246718176959e-6,64.8303689956665,false
Hinge stiffness k_hinge,0.00822,0.00822,smooth,0.97,286.1488385801179,305.39283406030916,305.39283406030916,304.8727132345802,2.2280712198109285,27.901399729070192,1.7759289484598677,179.36227500717544,1.3955480351425134e-7,20,7.902233527548187e-6,163.39808201789856,false
Hinge stiffness k_hinge,0.00822,0.00822,smooth,1.0,289.9816833308437,265.06491190081766,289.9816833308437,289.7792310305489,2.604710927620993,29.192790634375648,2.158093972212879,192.61054748032296,8.788826206128675e-8,20,7.902233527548187e-6,94.71759104728699,false
Hinge stiffness k_hinge,0.00822,0.00822,smooth,1.03,270.16273997290403,262.1771848446088,270.16273997290403,269.7939946289962,2.067051588598743,29.437183010682126,1.6666365724682293,117.951113816368,1.3686316340753713e-7,20,7.902233527548187e-6,64.71217203140259,false
Hinge stiffness k_hinge,0.00822,0.00822,constant_then_stop,0.97,325.14747180525416,313.1469765420624,325.14747180525416,324.8622142276698,1.1357794460923616,29.87752707177122,1.035413463605402,179.66001679838533,1.6297785674085754e-5,20,7.902233527548187e-6,184.0259919166565,false
Hinge stiffness k_hinge,0.00822,0.00822,constant_then_stop,1.0,317.2051896872768,304.4476946376135,317.2051896872768,316.8475654742589,1.25746327035589,30.30600197810194,1.0761658814303534,136.77183798342958,1.7358231475773355e-6,20,7.902233527548187e-6,88.47102999687195,false
Hinge stiffness k_hinge,0.00822,0.00822,constant_then_stop,1.03,292.34755005613493,293.71869584182815,293.71869584182815,293.517455854351,1.1089128305679445,31.05281045985641,1.8608866831464488,139.5731672992847,9.994207424076624e-6,20,7.902233527548187e-6,42.22260904312134,false
Hinge stiffness k_hinge,0.0146,0.0146,smooth,0.97,277.88177888419324,286.949754780994,286.949754780994,286.6863604609679,2.8500401765900474,28.10761641520509,1.4000900389087059,139.48305647626933,1.2090702783362238e-7,20,7.902233527548187e-6,212.12267518043518,false
Hinge stiffness k_hinge,0.0146,0.0146,smooth,1.0,291.1310861913294,288.874753134207,291.1310861913294,290.8285731253102,2.3668919392171226,28.846016920486246,1.0010897780986066,165.34510674368335,1.1227624184980679e-7,20,7.902233527548187e-6,78.65461587905884,false
Hinge stiffness k_hinge,0.0146,0.0146,smooth,1.03,274.1397598165163,266.0524251935291,274.1397598165163,274.01993566821835,2.1439600291210645,31.043051201449885,0.6830936642483416,116.02076982829819,8.112289438596494e-8,20,7.902233527548187e-6,42.128260135650635,false
Hinge stiffness k_hinge,0.0146,0.0146,constant_then_stop,0.97,272.6874263328891,275.1759362344202,275.1759362344202,275.05768739917767,1.7719705387146196,29.31745627050624,2.0865797232769534,39.96873052917225,6.9979672800845725e-6,20,7.902233527548187e-6,374.82846093177795,false
Hinge stiffness k_hinge,0.0146,0.0146,constant_then_stop,1.0,299.7770789928754,280.8576232874248,299.7770789928754,299.57356096238635,1.7897471618668153,30.18873283255313,1.3559103881464158,201.59125244261546,1.651815699151532e-6,20,7.902233527548187e-6,86.49018907546997,false
Hinge stiffness k_hinge,0.0146,0.0146,constant_then_stop,1.03,290.415566771283,311.3969731706478,311.3969731706478,311.1607307089961,1.8054994789438668,31.05932190028311,1.903715320785985,91.34142363813567,8.035597423388517e-6,20,7.902233527548187e-6,42.5594699382782,false
Hinge stiffness k_hinge,0.026,0.026,smooth,0.97,437.8872109339445,435.05635635361836,437.8872109339445,437.7318052953423,3.302500318168952,29.01127633024786,4.510653499521229,85.84266745491395,9.861520772441841e-8,20,7.902233527548187e-6,82.18380999565125,false
Hinge stiffness k_hinge,0.026,0.026,smooth,1.0,443.41171406438303,408.1205334428088,443.41171406438303,443.1659903149004,3.297519529072378,28.74354865833453,3.360196648497399,297.5042776472886,7.486763513328765e-8,20,7.902233527548187e-6,114.1510751247406,false
Hinge stiffness k_hinge,0.026,0.026,smooth,1.03,414.1260104260718,409.2698441756976,414.1260104260718,414.042190319113,3.2924618537479247,31.369294912634714,1.7387906483791384,179.91970599719622,5.12520282146334e-8,20,7.902233527548187e-6,39.371317863464355,false
Hinge stiffness k_hinge,0.026,0.026,constant_then_stop,0.97,237.28997311096566,259.6436470076476,259.6436470076476,259.445223516326,3.22131728916195,29.408039573432532,0.9560148978621381,220.36753669285716,1.907158531767268e-5,20,7.902233527548187e-6,86.84719395637512,false
Hinge stiffness k_hinge,0.026,0.026,constant_then_stop,1.0,260.4829445755306,251.12080653350554,260.4829445755306,260.36504871245694,3.251042311764614,30.478586758343596,1.536082369773704,127.090416417587,1.111582775894431e-6,20,7.902233527548187e-6,127.72452092170715,false
Hinge stiffness k_hinge,0.026,0.026,constant_then_stop,1.03,238.8842660673452,238.0338049662365,238.8842660673452,238.7520188127631,3.2782135037419327,31.025610972054587,1.3474365910851993,151.79427087775775,8.919949781513808e-6,20,7.902233527548187e-6,38.614245891571045,false
Hinge stiffness k_hinge,0.0462,0.0462,smooth,0.97,334.4031025037919,335.33274248747523,335.33274248747523,335.27928072654095,4.559485233571801,28.31093298163538,1.372879471074587,274.095544211615,3.555703649143057e-8,20,7.902233527548187e-6,126.75057291984558,false
Hinge stiffness k_hinge,0.0462,0.0462,smooth,1.0,310.3324446469489,320.0065390725221,320.0065390725221,319.8724691059233,4.561351868954138,29.362032769835146,2.2188384698360206,85.80863836491989,3.072353005615477e-8,20,7.902233527548187e-6,82.63329792022705,false
Hinge stiffness k_hinge,0.0462,0.0462,smooth,1.03,241.52316001494864,244.7549032013152,244.7549032013152,244.70995108814284,4.562635502361494,30.984645793447775,1.2617589982852668,219.7650165606788,2.2581080445562625e-8,20,7.902233527548187e-6,37.443787813186646,false
Hinge stiffness k_hinge,0.0462,0.0462,constant_then_stop,0.97,415.3390276820563,410.6548399805708,415.3390276820563,415.2635519892437,4.6017041751234,29.987581478109384,2.340957259701383,138.6476192081046,1.2609230585475018e-5,20,7.902233527548187e-6,88.35908699035645,false
Hinge stiffness k_hinge,0.0462,0.0462,constant_then_stop,1.0,418.5524362465384,432.6348569231152,432.6348569231152,432.53479424543167,4.5959631369177485,31.34821965581674,3.348237233010975,150.23288287810834,1.0373173600804096e-6,20,7.902233527548187e-6,89.98690891265869,false
Hinge stiffness k_hinge,0.0462,0.0462,constant_then_stop,1.03,417.99242048794883,436.2524584839728,436.2524584839728,436.1413279953864,4.590927065616773,31.77248267167728,3.81928975904686,101.98704694236143,5.418365270751821e-6,20,7.902233527548187e-6,273.2300238609314,false
Hinge stiffness k_hinge,0.0822,0.0822,smooth,0.97,161.85708794086997,158.85296219402946,161.85708794086997,161.82374858428517,5.105596773442246,29.793945147750343,0.5435153248295996,122.4538414552815,5.7276373424029325e-8,20,7.902233527548187e-6,108.53466701507568,false
Hinge stiffness k_hinge,0.0822,0.0822,smooth,1.0,173.8344962608205,178.0934205540642,178.0934205540642,178.0740448473459,5.106239876341953,30.726851229078576,0.2505503068746112,114.72934221374672,5.547888914017701e-8,20,7.902233527548187e-6,87.81692409515381,false
Hinge stiffness k_hinge,0.0822,0.0822,smooth,1.03,162.42016986792422,164.67400321921818,164.67400321921818,164.63945755325233,5.106815465141222,31.47659143947176,0.46428031790744373,60.323128633852896,5.674845986788805e-8,20,7.902233527548187e-6,177.0494668483734,false
Hinge stiffness k_hinge,0.0822,0.0822,constant_then_stop,0.97,294.4164266063162,297.0377701779805,297.0377701779805,296.97382585989106,5.079622190769648,29.810982363235738,1.9306059210837352,204.25870469874377,1.1405142143579384e-5,20,7.902233527548187e-6,160.4207799434662,false
Hinge stiffness k_hinge,0.0822,0.0822,constant_then_stop,1.0,304.4542317503798,284.7328946440082,304.4542317503798,304.322699134423,5.080561479887274,30.185500819040357,1.7298326660671186,145.09385809083025,1.1512550710758275e-6,20,7.902233527548187e-6,83.51215291023254,false
Hinge stiffness k_hinge,0.0822,0.0822,constant_then_stop,1.03,229.1799158422514,236.18055924965137,236.18055924965137,236.04505963099393,5.081617439566641,31.1631019332004,1.0449135196897859,173.4065617287669,1.1340881770478435e-5,20,7.902233527548187e-6,178.36043000221252,false
Fold rest angle θ_rest,0.0949π,0.2981371428256714,smooth,0.97,395.23876867862816,421.46373437361757,421.46373437361757,421.09001020636174,4.561064664144882,27.8995664108918,1.915852513491553,360.61460280502314,1.2190373124347656e-7,20,7.902233527548187e-6,134.1458649635315,false
Fold rest angle θ_rest,0.0949π,0.2981371428256714,smooth,1.0,450.5810896469783,450.782814942248,450.782814942248,450.59410241320313,4.545906995406323,31.846660937800372,1.245760294335391,169.11817482675914,9.556527750065234e-8,20,7.902233527548187e-6,81.60061001777649,false
Fold rest angle θ_rest,0.0949π,0.2981371428256714,smooth,1.03,451.05813693112725,439.2407563442467,451.05813693112725,450.7555995414489,4.531387478976137,30.96709493278309,4.335668814556883,113.3516330249207,8.749179112013943e-8,20,7.902233527548187e-6,182.91965889930725,false
Fold rest angle θ_rest,0.0949π,0.2981371428256714,constant_then_stop,0.97,412.42979834906606,432.03501925283564,432.03501925283564,431.89112450864474,4.893484500395396,29.546257540062875,1.517732326344109,349.8331908550654,1.4653287773947182e-5,20,7.902233527548187e-6,79.5678539276123,false
Fold rest angle θ_rest,0.0949π,0.2981371428256714,constant_then_stop,1.0,383.0643822532999,378.9555263563602,383.0643822532999,382.91546560452866,4.898015074846828,30.257616602212764,1.025182548057425,102.96379254158386,1.8416956504148587e-6,20,7.902233527548187e-6,74.1454439163208,false
Fold rest angle θ_rest,0.0949π,0.2981371428256714,constant_then_stop,1.03,394.12457944275064,386.14822572865495,394.12457944275064,393.7989533056173,4.89752201427939,30.917279252625427,0.9676635809048719,175.96453759706998,1.1728036163071363e-5,20,7.902233527548187e-6,463.2069308757782,false
Fold rest angle θ_rest,0.169π,0.5309291584566751,smooth,0.97,354.1049376934895,376.7987396020182,376.7987396020182,376.4851816186186,4.158785716528849,27.854420950748917,0.9309489129021324,247.52138580745378,6.347258785692906e-8,20,7.902233527548187e-6,153.44823598861694,false
Fold rest angle θ_rest,0.169π,0.5309291584566751,smooth,1.0,335.6441203503867,362.052950100106,362.052950100106,361.87456565739615,4.146030892325095,29.276546407534127,1.5952789594054808,98.90045707072711,5.98667908583452e-8,20,7.902233527548187e-6,83.15674090385437,false
Fold rest angle θ_rest,0.169π,0.5309291584566751,smooth,1.03,319.15588054786355,315.8103741823936,319.15588054786355,319.11450707936575,4.133793187355332,31.180913567571494,0.3595322332348389,109.07702389303974,4.063225075622733e-8,20,7.902233527548187e-6,143.84919691085815,false
Fold rest angle θ_rest,0.169π,0.5309291584566751,constant_then_stop,0.97,334.6442376470327,321.8061516186052,334.6442376470327,334.56696269905024,4.327721699488816,29.8437292189739,1.1767078886123572,255.18561446067804,1.723482170873693e-5,20,7.902233527548187e-6,142.8068859577179,false
Fold rest angle θ_rest,0.169π,0.5309291584566751,constant_then_stop,1.0,285.2987138899144,308.3314219959262,308.3314219959262,308.2086959938923,4.34520638402519,30.8154668758565,1.0668908144550346,108.71094417069605,2.1936345731477026e-6,20,7.902233527548187e-6,86.52559995651245,false
Fold rest angle θ_rest,0.169π,0.5309291584566751,constant_then_stop,1.03,278.77193855105656,289.27686702296245,289.27686702296245,289.17501640070907,4.358848132222791,31.720217299126077,0.8157406135874324,61.95838029249814,1.423966813173303e-5,20,7.902233527548187e-6,117.41120719909668,false
Fold rest angle θ_rest,0.3π,0.9424777960769379,smooth,0.97,437.8872109339445,435.05635635361836,437.8872109339445,437.7318052953423,3.302500318168952,29.01127633024786,4.510653499521229,85.84266745491395,9.861520772441841e-8,20,7.902233527548187e-6,143.9155559539795,false
Fold rest angle θ_rest,0.3π,0.9424777960769379,smooth,1.0,443.41171406438303,408.1205334428088,443.41171406438303,443.1659903149004,3.297519529072378,28.74354865833453,3.360196648497399,297.5042776472886,7.486763513328765e-8,20,7.902233527548187e-6,81.43638610839844,false
Fold rest angle θ_rest,0.3π,0.9424777960769379,smooth,1.03,414.1260104260718,409.2698441756976,414.1260104260718,414.042190319113,3.2924618537479247,31.369294912634714,1.7387906483791384,179.91970599719622,5.12520282146334e-8,20,7.902233527548187e-6,90.58880090713501,false
Fold rest angle θ_rest,0.3π,0.9424777960769379,constant_then_stop,0.97,237.28997311096566,259.6436470076476,259.6436470076476,259.445223516326,3.22131728916195,29.408039573432532,0.9560148978621381,220.36753669285716,1.907158531767268e-5,20,7.902233527548187e-6,118.56627893447876,false
Fold rest angle θ_rest,0.3π,0.9424777960769379,constant_then_stop,1.0,260.4829445755306,251.12080653350554,260.4829445755306,260.36504871245694,3.251042311764614,30.478586758343596,1.536082369773704,127.090416417587,1.111582775894431e-6,20,7.902233527548187e-6,78.54682183265686,false
Fold rest angle θ_rest,0.3π,0.9424777960769379,constant_then_stop,1.03,238.8842660673452,238.0338049662365,238.8842660673452,238.7520188127631,3.2782135037419327,31.025610972054587,1.3474365910851993,151.79427087775775,8.919949781513808e-6,20,7.902233527548187e-6,146.12762022018433,false
Fold rest angle θ_rest,0.533π,1.6744688843633597,smooth,0.97,187.48893337476918,185.7308979827238,187.48893337476918,187.45997646306614,1.9550760808391294,29.798362496292242,0.6089407098415508,129.06770133940782,1.552276491212663e-8,20,7.902233527548187e-6,83.38149690628052,false
Fold rest angle θ_rest,0.533π,1.6744688843633597,smooth,1.0,197.64043537192794,193.9209528444649,197.64043537192794,197.59806564119972,1.7314311816386079,30.480704556928977,1.0524933624412636,100.39752992462952,1.8319961834406917e-8,20,7.902233527548187e-6,89.81343698501587,false
Fold rest angle θ_rest,0.533π,1.6744688843633597,smooth,1.03,200.4048883801124,200.68525008318528,200.68525008318528,200.65377131205886,1.799502882178531,32.19677729647192,0.6370928486713948,113.04315407390658,1.9012327945533105e-8,20,7.902233527548187e-6,179.7320818901062,false
Fold rest angle θ_rest,0.533π,1.6744688843633597,constant_then_stop,0.97,223.85742421666362,223.02708023568277,223.85742421666362,223.6134283821435,1.7392153484255828,29.333213324160177,0.7253575606032889,128.36065869946668,1.729777225975478e-5,20,7.902233527548187e-6,78.40985703468323,false
Fold rest angle θ_rest,0.533π,1.6744688843633597,constant_then_stop,1.0,219.36542309779648,231.3806063624414,231.3806063624414,231.0011495896174,1.7751144191089745,30.042280738587074,0.7222881688298218,90.9319692391485,2.0698598636697236e-6,20,7.902233527548187e-6,84.08606600761414,false
Fold rest angle θ_rest,0.533π,1.6744688843633597,constant_then_stop,1.03,184.23813304413505,195.99354916975653,195.99354916975653,195.69815113986144,1.8376587912989517,30.931345228304465,0.619734119345014,112.91542692957931,1.2479597906855205e-5,20,7.902233527548187e-6,85.96383500099182,false
Fold rest angle θ_rest,0.949π,2.9813714282567134,smooth,0.97,68.302115444744,67.55293011014902,68.302115444744,68.29090433114182,2.441923694605618,28.499914896446693,0.1358369233893311,59.58558086237288,3.7286499177928195e-9,20,7.902233527548187e-6,81.9387948513031,false
Fold rest angle θ_rest,0.949π,2.9813714282567134,smooth,1.0,63.54131687656003,63.793816838218156,63.793816838218156,63.78991786993869,2.4603692551307392,29.632059991704992,0.07478493603317975,40.14417976760907,3.2149378219209395e-9,20,7.902233527548187e-6,325.6870880126953,false
Fold rest angle θ_rest,0.949π,2.9813714282567134,smooth,1.03,64.98551295711856,64.93628244064864,64.98551295711856,64.97908409787381,2.4567050802988217,30.69634070542871,0.13199655242114933,40.651763399641936,2.9116471494649356e-9,20,7.902233527548187e-6,140.8154799938202,false
Fold rest angle θ_rest,0.949π,2.9813714282567134,constant_then_stop,0.97,114.52833810825338,113.9316118469353,114.52833810825338,114.44430394050259,2.3645400346744485,29.157989197920323,0.41951424692299905,67.77949330380487,8.921985226839527e-6,20,7.902233527548187e-6,85.62625312805176,false
Fold rest angle θ_rest,0.949π,2.9813714282567134,constant_then_stop,1.0,115.06615498319026,114.97804162746382,115.06615498319026,115.05051125736466,2.3205843106894313,30.228125466687956,0.29324605689380084,82.5349872048062,1.3038779535061436e-6,20,7.902233527548187e-6,293.31877088546753,false
Fold rest angle θ_rest,0.949π,2.9813714282567134,constant_then_stop,1.03,122.07116846376431,114.24863067708547,122.07116846376431,122.0359058363784,2.266726036052533,31.09931510416603,0.2211646475003094,84.90214691576365,1.038261435751266e-5,20,7.902233527548187e-6,135.74316310882568,false
Hinge damping ratio,0.01,0.01,smooth,0.97,329.81613471267656,334.75254531816256,334.75254531816256,334.600397219433,3.988310567624929,29.09032237222393,0.527450965905078,71.00028386941572,9.186608622187739e-8,20,7.902233527548187e-6,82.82948899269104,false
Hinge damping ratio,0.01,0.01,smooth,1.0,306.95856952383923,311.3515549139064,311.3515549139064,311.19507906892824,3.980038701782427,29.788018472604683,2.3286418892669465,116.91734398532299,1.0703740878304959e-7,20,7.902233527548187e-6,271.2580609321594,false
Hinge damping ratio,0.01,0.01,smooth,1.03,419.1650027938158,412.58655115376746,419.1650027938158,418.98580287517143,3.9713627975286423,30.674325082820964,1.9442197255973304,126.88890335481558,6.497849273278268e-8,20,7.902233527548187e-6,147.67552709579468,false
Hinge damping ratio,0.01,0.01,constant_then_stop,0.97,352.56781634000646,343.60999492617594,352.56781634000646,352.2155078830844,3.8917078278873087,29.35099334959716,1.9893522809181792,141.7800971233947,1.2613580537411876e-5,20,7.902233527548187e-6,86.9803512096405,false
Hinge damping ratio,0.01,0.01,constant_then_stop,1.0,381.38171156889297,374.64461540630793,381.38171156889297,380.9955240413581,3.9305621752083533,30.376956132945793,1.476041768313843,127.10872578558089,1.6730330280526042e-6,20,7.902233527548187e-6,172.14199304580688,false
Hinge damping ratio,0.01,0.01,constant_then_stop,1.03,267.1774634443881,285.99586147089394,285.99586147089394,285.7957270485363,3.96553520482843,31.42709975088873,1.5892054262545103,117.79731964715717,7.956153634241808e-6,20,7.902233527548187e-6,144.55626893043518,false
Hinge damping ratio,0.02,0.02,smooth,0.97,413.37385506473566,392.4819439439606,413.37385506473566,413.0963825624488,3.7441767703851685,28.716878620179056,3.0678391495702897,243.39972840704917,1.3119909612401472e-7,20,7.902233527548187e-6,83.18001699447632,false
Hinge damping ratio,0.02,0.02,smooth,1.0,445.9894192059579,448.20382956415193,448.20382956415193,447.9839379371401,3.7365817495641944,29.19061752015557,4.556695236477534,238.25963800544676,6.462631331462399e-8,20,7.902233527548187e-6,166.96788787841797,false
Hinge damping ratio,0.02,0.02,smooth,1.03,440.13862048916144,447.9133788758091,447.9133788758091,447.6960513443462,3.7288090567528247,30.432824923985564,1.3518890476385101,343.9945672706783,7.992623623535522e-8,20,7.902233527548187e-6,81.82988715171814,false
Hinge damping ratio,0.02,0.02,constant_then_stop,0.97,349.4521014051595,353.6700138958369,353.6700138958369,353.18159522132413,3.6713783675094693,29.140699110962046,2.909097099072357,225.22272642550047,6.126956447985644e-6,20,7.902233527548187e-6,79.42468905448914,false
Hinge damping ratio,0.02,0.02,constant_then_stop,1.0,321.3662613015171,336.32198797900486,336.32198797900486,335.8353416667629,3.705997277633304,30.03427577602367,1.4052567652224388,246.64752045935202,1.6765913034316584e-6,20,7.902233527548187e-6,189.20483207702637,false
Hinge damping ratio,0.02,0.02,constant_then_stop,1.03,296.4372187797197,325.54695159862547,325.54695159862547,324.96900588023675,3.7373316975024573,31.103526994636212,2.351183928688796,98.70855631069183,5.832722823220915e-6,20,7.902233527548187e-6,92.96556186676025,false
Hinge damping ratio,0.05,0.05,smooth,0.97,437.8872109339445,435.05635635361836,437.8872109339445,437.7318052953423,3.302500318168952,29.01127633024786,4.510653499521229,85.84266745491395,9.861520772441841e-8,20,7.902233527548187e-6,82.18380999565125,false
Hinge damping ratio,0.05,0.05,smooth,1.0,443.41171406438303,408.1205334428088,443.41171406438303,443.1659903149004,3.297519529072378,28.74354865833453,3.360196648497399,297.5042776472886,7.486763513328765e-8,20,7.902233527548187e-6,114.1510751247406,false
Hinge damping ratio,0.05,0.05,smooth,1.03,414.1260104260718,409.2698441756976,414.1260104260718,414.042190319113,3.2924618537479247,31.369294912634714,1.7387906483791384,179.91970599719622,5.12520282146334e-8,20,7.902233527548187e-6,39.371317863464355,false
Hinge damping ratio,0.05,0.05,constant_then_stop,0.97,237.28997311096566,259.6436470076476,259.6436470076476,259.445223516326,3.22131728916195,29.408039573432532,0.9560148978621381,220.36753669285716,1.907158531767268e-5,20,7.902233527548187e-6,86.84719395637512,false
Hinge damping ratio,0.05,0.05,constant_then_stop,1.0,260.4829445755306,251.12080653350554,260.4829445755306,260.36504871245694,3.251042311764614,30.478586758343596,1.536082369773704,127.090416417587,1.111582775894431e-6,20,7.902233527548187e-6,127.72452092170715,false
Hinge damping ratio,0.05,0.05,constant_then_stop,1.03,238.8842660673452,238.0338049662365,238.8842660673452,238.7520188127631,3.2782135037419327,31.025610972054587,1.3474365910851993,151.79427087775775,8.919949781513808e-6,20,7.902233527548187e-6,38.614245891571045,false
Hinge damping ratio,0.1,0.1,smooth,0.97,395.4997837046437,387.30543756833504,395.4997837046437,395.1605308514984,2.8630105670036725,27.42117309536756,2.4780749826022093,322.1571388581338,7.159367349153276e-8,20,7.902233527548187e-6,76.51792788505554,false
Hinge damping ratio,0.1,0.1,smooth,1.0,351.9024496369745,353.75897290885143,353.75897290885143,353.68380392000887,2.8617904685765225,30.73795386718478,1.2955444025247076,84.02085990247689,4.691192081300424e-8,20,7.902233527548187e-6,398.815043926239,false
Hinge damping ratio,0.1,0.1,smooth,1.03,372.2036629422398,367.5700416848513,372.2036629422398,372.0868718281017,2.8602988230340975,31.196836568129505,2.2856808397237836,67.0071700183984,3.775433602261315e-8,20,7.902233527548187e-6,85.67823505401611,false
Hinge damping ratio,0.1,0.1,constant_then_stop,0.97,266.46049955600915,266.25123505907845,266.46049955600915,266.3964258530516,2.7542515530611933,30.4972913451033,1.3042761398112759,161.0517413603904,1.536083974965406e-5,20,7.902233527548187e-6,74.89373993873596,false
Hinge damping ratio,0.1,0.1,constant_then_stop,1.0,218.72283300374656,210.75311531774793,218.72283300374656,218.70369867040358,2.7713427543124163,31.77776926590721,1.3668606826065384,158.9203315826835,7.438378387639558e-7,20,7.902233527548187e-6,197.81821298599243,false
Hinge damping ratio,0.1,0.1,constant_then_stop,1.03,177.81236360766127,181.01680889621662,181.01680889621662,180.95063287968,2.795739454210767,32.8974920500602,0.9018031875127577,85.30409863832274,5.573778130300092e-6,20,7.902233527548187e-6,89.79087209701538,false
Hinge damping ratio,0.2,0.2,smooth,0.97,302.7393316517174,298.3578902963312,302.7393316517174,302.696824865266,2.379171697099899,30.722848850745187,0.8443731520019855,180.31846246011042,3.3302759477848386e-8,20,7.745972147806294e-6,89.30846214294434,false
Hinge damping ratio,0.2,0.2,smooth,1.0,302.82834468897255,294.87653895573993,302.82834468897255,302.7366590276842,2.3815851922557587,29.156187253990623,0.555608861591865,252.7080695579784,3.126921916211507e-8,20,7.745972147806294e-6,122.72979307174683,false
Hinge damping ratio,0.2,0.2,smooth,1.03,277.5548053173428,287.3873739661387,287.3873739661387,287.29574060230266,2.383473527657991,30.68473092180583,1.4694681183795697,225.64157622095826,3.572750150458202e-8,20,7.745972147806294e-6,88.29990291595459,false
Hinge damping ratio,0.2,0.2,constant_then_stop,0.97,255.94621202011234,252.780568868921,255.94621202011234,255.89305534424855,2.3227482056515605,29.612533457106487,1.4064442977945524,225.07661280353292,1.6548764211638342e-5,20,7.745972147806294e-6,79.1487488746643,false
Hinge damping ratio,0.2,0.2,constant_then_stop,1.0,257.0719596452862,269.45633100471076,269.45633100471076,269.3599518205645,2.3286030216612503,30.185231907854543,1.4191425514298166,182.96756882752808,1.2594606133209972e-5,20,7.745972147806294e-6,88.93339610099792,false
Hinge damping ratio,0.2,0.2,constant_then_stop,1.03,255.48262610046783,245.01774889183315,255.48262610046783,255.44899798364452,2.333526251288922,31.4099320721999,1.355713773268307,147.82817903653117,2.791427845705382e-5,20,7.745972147806294e-6,92.93481993675232,false
Tip attachment stiffness,1e+04,10000.0,smooth,0.97,165.82215299986083,174.93132136253982,174.93132136253982,174.87459688356566,3.302995225727297,27.960785014029717,0.3090857462700007,102.51979265113727,2.6068856093304653e-8,20,7.902233527548187e-6,80.88700103759766,false
Tip attachment stiffness,1e+04,10000.0,smooth,1.0,155.44188775942823,218.31813774792914,218.31813774792914,218.10253053217698,3.298035011599174,27.582283832527214,0.7116201692516231,80.84807837610084,3.376441346732704e-8,20,7.902233527548187e-6,127.38564014434814,false
Tip attachment stiffness,1e+04,10000.0,smooth,1.03,174.58373558956652,207.92683590837274,207.92683590837274,207.76249255702675,3.2929955241565256,28.88938437808543,0.6145023480447934,52.750237834362146,2.545824760130708e-8,20,7.902233527548187e-6,85.873046875,false
Tip attachment stiffness,1e+04,10000.0,constant_then_stop,0.97,103.13842461998131,125.20571032337746,125.20571032337746,125.15440564385928,3.2216867149826136,29.15189657587058,0.8350102391507572,25.48016169137848,1.0767516455649053e-5,20,7.902233527548187e-6,78.18623805046082,false
Tip attachment stiffness,1e+04,10000.0,constant_then_stop,1.0,124.4253614824029,129.31216132760335,129.31216132760335,129.28063740206142,3.25141145356672,30.22780937734685,1.1591236537676266,30.75279411827333,7.50877082586895e-7,20,7.902233527548187e-6,168.5011990070343,false
Tip attachment stiffness,1e+04,10000.0,constant_then_stop,1.03,124.42042661312314,126.19917586822547,126.19917586822547,126.15011196084627,3.27858092510029,31.09048830931576,0.8446089939688006,53.22055564329536,7.653824296464776e-6,20,7.902233527548187e-6,83.19642400741577,false
Tip attachment stiffness,3.16e+04,31600.0,smooth,0.97,318.022893657811,332.10211465274176,332.10211465274176,331.87751449818694,3.302629332405851,27.562259572768408,3.2880443637192247,242.66979157023107,5.844574732261396e-8,20,7.902233527548187e-6,90.9613709449768,false
Tip attachment stiffness,3.16e+04,31600.0,smooth,1.0,291.7808612529804,301.8598238679506,301.8598238679506,301.77357218598775,3.2976537757991453,29.022450088455813,2.836846298103496,29.08205428219389,6.078013898754594e-8,20,7.902233527548187e-6,111.75390100479126,false
Tip attachment stiffness,3.16e+04,31600.0,smooth,1.03,287.07562773895955,296.37798224865696,296.37798224865696,296.31622363881644,3.2926007502267307,30.73334686503822,3.0935423109825013,173.691417833359,3.9938778164847964e-8,20,7.902233527548187e-6,78.03707385063171,false
Tip attachment stiffness,3.16e+04,31600.0,constant_then_stop,0.97,179.06800847528316,199.17641220747902,199.17641220747902,199.05752094779876,3.221411005368,29.46073166659422,0.749716247985373,92.67928846154528,1.8781774489354324e-5,20,7.902233527548187e-6,263.47600412368774,false
Tip attachment stiffness,3.16e+04,31600.0,constant_then_stop,1.0,201.2600488593039,204.55987731667105,204.55987731667105,204.46688636270733,3.2511364275472086,30.170771055745007,1.3753935620886395,121.38680104291403,1.1464340491837863e-6,20,7.902233527548187e-6,91.50978493690491,false
Tip attachment stiffness,3.16e+04,31600.0,constant_then_stop,1.03,193.2345194103105,175.80416779415657,193.2345194103105,193.03135383133124,3.2783076805633553,31.051474982390253,1.1771256194626873,106.46356162349599,8.337929283818475e-6,20,7.902233527548187e-6,80.20991110801697,false
Tip attachment stiffness,1e+05,100000.0,smooth,0.97,437.8872109339445,435.05635635361836,437.8872109339445,437.7318052953423,3.302500318168952,29.01127633024786,4.510653499521229,85.84266745491395,9.861520772441841e-8,20,7.902233527548187e-6,82.18380999565125,false
Tip attachment stiffness,1e+05,100000.0,smooth,1.0,443.41171406438303,408.1205334428088,443.41171406438303,443.1659903149004,3.297519529072378,28.74354865833453,3.360196648497399,297.5042776472886,7.486763513328765e-8,20,7.902233527548187e-6,114.1510751247406,false
Tip attachment stiffness,1e+05,100000.0,smooth,1.03,414.1260104260718,409.2698441756976,414.1260104260718,414.042190319113,3.2924618537479247,31.369294912634714,1.7387906483791384,179.91970599719622,5.12520282146334e-8,20,7.902233527548187e-6,39.371317863464355,false
Tip attachment stiffness,1e+05,100000.0,constant_then_stop,0.97,237.28997311096566,259.6436470076476,259.6436470076476,259.445223516326,3.22131728916195,29.408039573432532,0.9560148978621381,220.36753669285716,1.907158531767268e-5,20,7.902233527548187e-6,86.84719395637512,false
Tip attachment stiffness,1e+05,100000.0,constant_then_stop,1.0,260.4829445755306,251.12080653350554,260.4829445755306,260.36504871245694,3.251042311764614,30.478586758343596,1.536082369773704,127.090416417587,1.111582775894431e-6,20,7.902233527548187e-6,127.72452092170715,false
Tip attachment stiffness,1e+05,100000.0,constant_then_stop,1.03,238.8842660673452,238.0338049662365,238.8842660673452,238.7520188127631,3.2782135037419327,31.025610972054587,1.3474365910851993,151.79427087775775,8.919949781513808e-6,20,7.902233527548187e-6,38.614245891571045,false
Tip attachment stiffness,3.16e+05,316000.0,smooth,0.97,481.48847212892997,474.519078171399,481.48847212892997,481.18192575511017,3.3024581049007433,27.85435892458438,4.2712114336047735,193.98285212023004,1.2843233692590211e-7,20,7.894132488217882e-6,173.48482298851013,false
Tip attachment stiffness,3.16e+05,316000.0,smooth,1.0,456.5759227587237,484.1282709702857,484.1282709702857,483.5805305357255,3.2974756320878287,28.70293080227287,2.7663897133004083,76.68624490452672,1.0752495658552708e-7,20,7.894132488217882e-6,163.4886131286621,false
Tip attachment stiffness,3.16e+05,316000.0,smooth,1.03,452.1481580206919,438.91479177901437,452.1481580206919,452.0872011921518,3.2924164566436307,30.570911478827384,4.468935981418783,227.63461697880953,6.880360282945401e-8,20,7.894132488217882e-6,93.90162801742554,false
Tip attachment stiffness,3.16e+05,316000.0,constant_then_stop,0.97,261.6548341333757,278.19248447300475,278.19248447300475,278.0707422741605,3.2212856340510947,31.71893937832393,1.0855048127183278,173.93875195150054,2.3729429275321046e-5,20,7.894132488217882e-6,163.4633719921112,false
Tip attachment stiffness,3.16e+05,316000.0,constant_then_stop,1.0,274.7052604718239,273.09407953590846,274.7052604718239,274.65439551112394,3.2510105007514225,31.035102257399572,1.6016333128617526,108.01068499047112,2.7601544054655072e-5,20,7.894132488217882e-6,152.72706508636475,false
Tip attachment stiffness,3.16e+05,316000.0,constant_then_stop,1.03,254.56914834623106,258.17911596074003,258.17911596074003,258.0619818512533,3.278181654225556,31.334692479459925,1.4062274319422277,137.19645742979273,1.745918379067261e-5,20,7.894132488217882e-6,81.07335805892944,false
Tip attachment stiffness,1e+06,1.0e6,smooth,0.97,502.9166369301367,497.3052981212356,502.9166369301367,502.7910086784764,3.302444843269233,27.337683938261904,2.1342053683455906,220.14591012248772,1.3435493380433072e-7,20,7.868691225288673e-6,188.2617471218109,false
Tip attachment stiffness,1e+06,1.0e6,smooth,1.0,500.03567011799794,479.5217319068036,500.03567011799794,499.98709831083875,3.2974618261230946,30.222346141452732,1.2307596718166358,340.15544629157176,1.0799890291585498e-7,20,7.868691225288673e-6,146.83563494682312,false
Tip attachment stiffness,1e+06,1.0e6,smooth,1.03,467.7327608767369,479.49725830512966,479.49725830512966,479.2930012957533,3.292402167633711,30.531034898220803,3.731243481308633,298.3805148912736,6.42856482775504e-8,20,7.868691225288673e-6,82.1828339099884,false
Tip attachment stiffness,1e+06,1.0e6,constant_then_stop,0.97,279.56944087897455,285.85914695755434,285.85914695755434,285.72690437870983,3.2212784863452457,31.673096742659204,1.1132968378205397,114.79124393401516,9.751821116105523e-6,20,7.868691225288673e-6,214.0477089881897,false
Tip attachment stiffness,1e+06,1.0e6,constant_then_stop,1.0,280.7112263196787,278.36540327819273,280.7112263196787,280.6968074082634,3.2510032149464156,30.449507388435592,1.6168828543289757,116.41502477831882,2.4685173979920766e-5,20,7.868691225288673e-6,89.40786695480347,false
Tip attachment stiffness,1e+06,1.0e6,constant_then_stop,1.03,253.75743773117432,269.00285961594585,269.00285961594585,268.8658588600089,3.278174242636225,31.327621854412904,1.4286759278586803,161.57998132233251,1.6966155481237046e-5,20,7.868691225288673e-6,87.91039085388184,false
Environment,orbit,1.0,smooth,0.97,437.8872109339445,435.05635635361836,437.8872109339445,437.7318052953423,3.302500318168952,29.01127633024786,4.510653499521229,85.84266745491395,9.861520772441841e-8,20,7.902233527548187e-6,82.18380999565125,false
Environment,orbit,1.0,smooth,1.0,443.41171406438303,408.1205334428088,443.41171406438303,443.1659903149004,3.297519529072378,28.74354865833453,3.360196648497399,297.5042776472886,7.486763513328765e-8,20,7.902233527548187e-6,114.1510751247406,false
Environment,orbit,1.0,smooth,1.03,414.1260104260718,409.2698441756976,414.1260104260718,414.042190319113,3.2924618537479247,31.369294912634714,1.7387906483791384,179.91970599719622,5.12520282146334e-8,20,7.902233527548187e-6,39.371317863464355,false
Environment,orbit,1.0,constant_then_stop,0.97,237.28997311096566,259.6436470076476,259.6436470076476,259.445223516326,3.22131728916195,29.408039573432532,0.9560148978621381,220.36753669285716,1.907158531767268e-5,20,7.902233527548187e-6,86.84719395637512,false
Environment,orbit,1.0,constant_then_stop,1.0,260.4829445755306,251.12080653350554,260.4829445755306,260.36504871245694,3.251042311764614,30.478586758343596,1.536082369773704,127.090416417587,1.111582775894431e-6,20,7.902233527548187e-6,127.72452092170715,false
Environment,orbit,1.0,constant_then_stop,1.03,238.8842660673452,238.0338049662365,238.8842660673452,238.7520188127631,3.2782135037419327,31.025610972054587,1.3474365910851993,151.79427087775775,8.919949781513808e-6,20,7.902233527548187e-6,38.614245891571045,false
Environment,drag only,2.0,smooth,0.97,80.96634710395679,80.85763495575083,80.96634710395679,80.96343356190204,2.213425845806154,28.26267404148264,0.10858036073868683,34.642029462976566,8.949659538315608e-9,20,7.902233527548187e-6,391.4944751262665,false
Environment,drag only,2.0,smooth,1.0,75.7466999718003,74.12593414654145,75.7466999718003,75.73985550422145,2.2140101213084122,29.19855136261723,0.14072970693937076,18.40959925891581,9.792746465856741e-9,20,7.902233527548187e-6,101.20771908760071,false
Environment,drag only,2.0,smooth,1.03,71.23023136149982,69.90619483290766,71.23023136149982,71.2261723267739,2.2141037220357553,30.083403961864434,0.13877904400916277,18.959986843082167,1.0721725836247616e-8,20,7.902233527548187e-6,101.30382299423218,false
Environment,drag only,2.0,constant_then_stop,0.97,131.63698940894116,137.0508863795301,137.0508863795301,137.0357371256213,2.0364724578212696,29.42668094232402,0.48295732935550545,31.78014822232778,1.467147028751329e-5,20,7.902233527548187e-6,131.14441204071045,false
Environment,drag only,2.0,constant_then_stop,1.0,136.9397874465392,143.13586447919272,143.13586447919272,143.11026503946408,2.059097578702238,30.320921395001953,0.5883333475819327,26.351422940947124,1.352074223242046e-6,20,7.902233527548187e-6,93.56081199645996,false
Environment,drag only,2.0,constant_then_stop,1.03,133.8708431869203,143.09145060118692,143.09145060118692,143.05843560120474,2.0803267295502748,31.221902452878886,0.575744221707749,28.1103420422252,8.661525475394404e-6,20,7.902233527548187e-6,396.02014899253845,false
Environment,gravity only,3.0,smooth,0.97,173.6901565107771,173.69026682572587,173.69026682572587,173.67647447625177,3.2937219913606994,29.1437640405693,5.609892210944609e-7,173.59272977899855,2.973171201745431e-8,20,7.902292973154351e-6,101.15153288841248,false
Environment,gravity only,3.0,smooth,1.0,173.66167894888727,173.66040322272008,173.66167894888727,173.64789061140675,3.293704840285976,31.43723072558194,3.8905418510301516e-6,173.63470874276487,2.9731740907572997e-8,20,7.902292973154351e-6,103.56192088127136,false
Environment,gravity only,3.0,smooth,1.03,173.6544522396839,173.65357755028555,173.6544522396839,173.64066098436314,3.293689591245216,31.47908126916777,1.8972388551451847e-6,173.63928693656348,2.973176792757507e-8,20,7.902292973154351e-6,234.37880492210388,false
Environment,gravity only,3.0,constant_then_stop,0.97,278.383550886765,277.3950151398509,278.383550886765,278.3486246403583,3.295345494787685,29.405495886133146,0.4468945768714355,113.56858749019084,1.940704068481377e-6,20,7.902292973154351e-6,169.42504000663757,false
Environment,gravity only,3.0,constant_then_stop,1.0,275.4083698858561,274.7957654952838,275.4083698858561,275.3746632543131,3.2952021561522784,30.305290475521367,0.4218586072016877,118.66736752698421,1.84587404190043e-6,20,7.902292973154351e-6,96.78181719779968,false
Environment,gravity only,3.0,constant_then_stop,1.03,272.1473468193335,272.2219226657177,272.2219226657177,272.18705308104023,3.295072923159544,31.19153263246063,0.39669549286414585,124.22123700150054,1.7567612790758214e-6,20,7.902292973154351e-6,295.70045590400696,false
Environment,ground (g + drag),4.0,smooth,0.97,173.65559340743823,173.6555157929917,173.65559340743823,173.64179016943504,3.293721855561625,29.54196058348655,4.521951813461136e-8,173.607007172564,1.9260853412905095e-8,20,7.902292973154351e-6,186.9652988910675,false
Environment,ground (g + drag),4.0,smooth,1.0,173.64555712210793,173.6459428880038,173.6459428880038,173.632140436281,3.2937047054975057,30.072520533704136,1.9843611471787605e-7,173.61500884236116,1.9264966937913587e-8,20,7.902292973154351e-6,116.7557909488678,false
Environment,ground (g + drag),4.0,smooth,1.03,173.6430281415831,173.64344685761108,173.64344685761108,173.62964433441783,3.293689457221541,31.00297601982819,1.0941552136016357e-7,173.61672549518852,1.926872758740303e-8,20,7.902292973154351e-6,252.68581008911133,false
Environment,ground (g + drag),4.0,constant_then_stop,0.97,270.4342047508286,269.31105300896917,270.4342047508286,270.39983202486957,3.295344777339305,29.405717150336393,0.43190101153242144,177.74919712645053,1.962790385734808e-6,20,7.902292973154351e-6,120.65801095962524,false
Environment,ground (g + drag),4.0,constant_then_stop,1.0,267.72964077014734,267.1284465049686,267.72964077014734,267.6961213050082,3.2952015300523887,30.305511739724615,0.40794494561243005,180.10146718965072,1.865334456900136e-6,20,7.902292973154351e-6,111.33049416542053,false
Environment,ground (g + drag),4.0,constant_then_stop,1.03,265.0782136558961,264.999980192922,265.0782136558961,265.0453829440292,3.2950723718258668,31.205314231405808,0.3855418776083482,182.26917412187314,1.7738719460754109e-6,20,7.902292973154351e-6,237.59099698066711,false
